{"stats":{"minecraft:killed":{"minecraft:sheep":4,"minecraft:chicken":1,"minecraft:cow":3},"minecraft:picked_up":{"minecraft:crafting_table":1,"minecraft:feather":2,"minecraft:chicken":1,"minecraft:leather":5,"gravestone:obituary":1,"minecraft:spruce_log":28,"minecraft:dirt":12,"minecraft:cooked_mutton":2,"minecraft:beef":4,"minecraft:light_gray_wool":1,"minecraft:mutton":7,"minecraft:coal":4,"minecraft:white_wool":4,"minecraft:cobblestone":54},"minecraft:broken":{"minecraft:wooden_sword":1,"minecraft:wooden_pickaxe":1},"minecraft:used":{"minecraft:cooked_mutton":2,"minecraft:wooden_axe":32,"minecraft:wooden_pickaxe":59,"minecraft:torch":1,"minecraft:wooden_sword":59,"minecraft:dirt":3,"minecraft:crafting_table":2},"minecraft:mined":{"minecraft:spruce_log":28,"minecraft:crafting_table":1,"minecraft:grass_block":13,"minecraft:coal_ore":4,"minecraft:stone":55},"minecraft:crafted":{"minecraft:wooden_sword":1,"minecraft:crafting_table":1,"minecraft:stick":8,"minecraft:spruce_planks":24,"minecraft:wooden_pickaxe":1,"minecraft:wooden_axe":1,"minecraft:torch":4},"minecraft:custom":{"minecraft:time_since_rest":18813,"minecraft:sprint_one_cm":34430,"minecraft:damage_taken":145,"minecraft:walk_one_cm":63817,"minecraft:mob_kills":8,"minecraft:damage_dealt":717,"minecraft:interact_with_crafting_table":4,"minecraft:fly_one_cm":4842,"minecraft:open_chest":2,"minecraft:crouch_one_cm":65,"minecraft:play_time":18813,"minecraft:sneak_time":188,"minecraft:walk_under_water_one_cm":2743,"minecraft:jump":87,"minecraft:leave_game":1,"minecraft:walk_on_water_one_cm":9858,"minecraft:time_since_death":18813,"minecraft:total_world_time":18813,"minecraft:fall_one_cm":1081}},"DataVersion":3465}