{"stats":{"minecraft:killed_by":{"minecraft:witch":1},"minecraft:picked_up":{"minecraft:sand":1,"minecraft:dirt":6},"minecraft:used":{"minecraft:fire_charge":1,"minecraft:dirt":6,"minecraft:sand":1,"minecraft:golden_pickaxe":8},"minecraft:mined":{"minecraft:grass_block":3,"minecraft:dirt":2,"minecraft:sand":1,"minecraft:fire":1},"minecraft:dropped":{"gravestone:obituary":1},"minecraft:custom":{"minecraft:open_chest":1,"minecraft:time_since_rest":8897,"minecraft:crouch_one_cm":605,"minecraft:sprint_one_cm":16354,"minecraft:play_time":13624,"minecraft:damage_taken":325,"minecraft:deaths":1,"minecraft:walk_one_cm":12969,"minecraft:sneak_time":908,"minecraft:walk_under_water_one_cm":352,"minecraft:drop":1,"minecraft:jump":213,"minecraft:damage_dealt":194,"minecraft:leave_game":3,"minecraft:walk_on_water_one_cm":4060,"minecraft:time_since_death":8651,"minecraft:total_world_time":13624,"minecraft:fall_one_cm":6327,"minecraft:fly_one_cm":45213}},"DataVersion":3465}